174A,Anand Iyer,1998-02-14,anand.iyer@example.com,9000000051,General,High,Open
175A,Kritika Sood,1997-06-09,kritika.sood@example.com,9000000052,OBC,Medium,In Progress
176A,Sanjay Menon,1996-01-28,sanjay.menon@example.com,9000000053,SC,Low,Open
177A,Reena Chopra,1999-03-17,reena.chopra@example.com,9000000054,ST,High,Closed
178A,Gaurav Mishra,1995-07-23,gaurav.mishra@example.com,9000000055,General,Medium,Open
179A,Latika Rao,1998-11-05,latika.rao@example.com,9000000056,OBC,Low,Open
180A,Vikas Sharma,1997-04-19,vikas.sharma@example.com,9000000057,SC,High,In Progress
181A,Pallavi Jain,1996-09-01,pallavi.jain@example.com,9000000058,ST,Medium,Open
182A,Rajeev Nair,1995-12-20,rajeev.nair@example.com,9000000059,General,High,Closed
183A,Sanya Gill,1999-08-11,sanya.gill@example.com,9000000060,OBC,Low,Open
184A,Suraj Tandon,1998-05-03,suraj.tandon@example.com,9000000061,SC,Medium,Open
185A,Meera Rathi,1997-10-27,meera.rathi@example.com,9000000062,ST,High,In Progress
186A,Nitin Kohli,1996-02-09,nitin.kohli@example.com,9000000063,General,Low,Open
187A,Anusha Pillai,1995-06-30,anusha.pillai@example.com,9000000064,OBC,Medium,Closed
188A,Devendra Joshi,1998-01-16,devendra.joshi@example.com,9000000065,SC,High,Open
189A,Shweta Rane,1999-09-04,shweta.rane@example.com,9000000066,ST,Low,Open
190A,Prakash Shetty,1997-03-25,prakash.shetty@example.com,9000000067,General,Medium,In Progress
191A,Ira Bhatia,1996-07-18,ira.bhatia@example.com,9000000068,OBC,High,Open
192A,Hardik Patel,1995-11-29,hardik.patel@example.com,9000000069,SC,Low,Closed
193A,Chitra Yogi,1998-04-07,chitra.yogi@example.com,9000000070,ST,Medium,Open
194A,Kunal Kaushik,1997-08-22,kunal.kaushik@example.com,9000000071,General,High,Open
195A,Monika Batra,1996-01-05,monika.batra@example.com,9000000072,OBC,Low,In Progress
196A,Sachin Suri,1995-05-14,sachin.suri@example.com,9000000073,SC,Medium,Open
197A,Neelam Grover,1999-10-31,neelam.grover@example.com,9000000074,ST,High,Closed
198A,Rajat Kapoor,1998-02-26,rajat.kapoor@example.com,9000000075,General,Low,Open
199A,Payal Malik,1997-06-12,payal.malik@example.com,9000000076,OBC,Medium,Open
200A,Deepak Rawat,1996-12-03,deepak.rawat@example.com,9000000077,SC,High,In Progress
201A,Nidhi Saxena,1995-09-27,nidhi.saxena@example.com,9000000078,ST,Low,Open
202A,Yogesh Shukla,1998-03-19,yogesh.shukla@example.com,9000000079,General,Medium,Closed
203A,Ankita Chawla,1997-07-08,ankita.chawla@example.com,9000000080,OBC,High,Open
204A,Shantanu Bose,1996-11-16,shantanu.bose@example.com,9000000081,SC,Low,Open
205A,Garima Verma,1995-04-28,garima.verma@example.com,9000000082,ST,Medium,In Progress
206A,Imran Siddiqui,1999-01-21,imran.siddiqui@example.com,9000000083,General,High,Open
207A,Kavya Menon,1998-05-30,kavya.menon@example.com,9000000084,OBC,Low,Closed
208A,Arnav Rathi,1997-10-10,arnav.rathi@example.com,9000000085,SC,Medium,Open
209A,Prerna Sood,1996-02-03,prerna.sood@example.com,9000000086,ST,High,Open
210A,Harshad Patil,1995-06-24,harshad.patil@example.com,9000000087,General,Low,In Progress
211A,Smita Deshpande,1998-09-13,smita.deshpande@example.com,9000000088,OBC,Medium,Open
212A,Virat Kulkarni,1997-03-06,virat.kulkarni@example.com,9000000089,SC,High,Closed
213A,Rashmi Kaul,1996-07-29,rashmi.kaul@example.com,9000000090,ST,Low,Open
214A,Abhinav Saini,1995-12-18,abhinav.saini@example.com,9000000091,General,Medium,Open
215A,Pooja Reddy,1999-08-01,pooja.reddy@example.com,9000000092,OBC,High,In Progress
216A,Saket Arora,1998-01-27,saket.arora@example.com,9000000093,SC,Low,Open
217A,Deeksha Dutt,1997-05-15,deeksha.dutt@example.com,9000000094,ST,Medium,Closed
218A,Rohan Gill,1996-10-09,rohan.gill@example.com,9000000095,General,High,Open
219A,Jyoti Jha,1995-03-31,jyoti.jha@example.com,9000000096,OBC,Low,Open
220A,Sumeet Rao,1998-06-20,sumeet.rao@example.com,9000000097,SC,Medium,In Progress
221A,Manisha Verghese,1997-11-11,manisha.verghese@example.com,9000000098,ST,High,Open
222A,Kapil Ahuja,1996-04-02,kapil.ahuja@example.com,9000000099,General,Low,Closed
223A,Anita Dagar,1995-09-25,anita.dagar@example.com,9000000100,OBC,Medium,Open
